Date,Price,Open,High,Low,Volume,Change %
"Nov 25, 2018",118.83,114.99,121.1,103.51,1.18M,3.03%
"Nov 24, 2018",115.33,125.07,129.61,111.97,577.65K,-7.91%
"Nov 23, 2018",125.24,126.27,128.4,120,675.20K,-1.71%
"Nov 22, 2018",127.42,138.55,140.18,127.18,349.52K,-7.87%
"Nov 21, 2018",138.31,134.04,141.39,127.63,834.37K,2.72%
"Nov 20, 2018",134.65,151.14,154.17,128.15,1.50M,-11.06%
"Nov 19, 2018",151.4,178.8,178.8,148.48,930.87K,-15.40%
"Nov 18, 2018",178.95,176.4,182,176.2,151.57K,1.73%
"Nov 17, 2018",175.9,176.99,177.52,174.22,99.38K,-0.77%
"Nov 16, 2018",177.26,183.54,184.66,173.82,301.04K,-3.80%
"Nov 15, 2018",184.27,187.2,189.31,172.06,534.86K,-0.88%
"Nov 14, 2018",185.9,209.85,211.25,177.61,856.09K,-11.54%
"Nov 13, 2018",210.14,212.71,213.36,209.18,115.63K,-1.21%
"Nov 12, 2018",212.71,213.91,214.25,210.78,92.71K,-0.13%
"Nov 11, 2018",212.99,213.2,213.68,209.05,89.76K,-0.10%
"Nov 10, 2018",213.2,210.83,215.53,210.53,67.05K,1.04%
"Nov 09, 2018",211.01,212.7,215.36,209.59,76.54K,-0.82%
"Nov 08, 2018",212.76,218.99,220.52,212.76,107.04K,-2.84%
"Nov 07, 2018",218.99,220.87,225,217.28,238.74K,-0.84%
"Nov 06, 2018",220.85,210.89,221.03,209.19,199.59K,4.72%
"Nov 05, 2018",210.89,212.53,212.68,207.92,110.75K,-0.56%
"Nov 04, 2018",212.08,200.31,218.34,199.04,246.58K,5.99%
"Nov 03, 2018",200.1,202.23,202.49,199.21,56.64K,-1.05%
"Nov 02, 2018",202.23,199.87,203.5,199.86,101.69K,1.25%
"Nov 01, 2018",199.73,199.14,200.21,198.05,49.92K,0.52%
"Oct 31, 2018",198.7,197.32,200.05,193.24,128.40K,0.59%
"Oct 30, 2018",197.54,196.91,198.4,195.97,75.04K,0.32%
"Oct 29, 2018",196.91,205.12,205.37,195.77,173.71K,-3.93%
"Oct 28, 2018",204.96,204.23,205.51,203.84,43.06K,0.36%
"Oct 27, 2018",204.23,205.11,205.75,203.11,37.48K,-0.39%
"Oct 26, 2018",205.03,204.09,208.08,203.46,158.09K,0.66%
"Oct 25, 2018",203.69,205.11,205.79,202.9,65.61K,-0.76%
"Oct 24, 2018",205.24,205.89,207.87,205.18,83.33K,-0.32%
"Oct 23, 2018",205.9,206.55,207.7,202.81,116.46K,-0.13%
"Oct 22, 2018",206.16,207.02,208.74,205.36,74.23K,-0.56%
"Oct 21, 2018",207.32,208.15,211.24,207.1,87.01K,-0.41%
"Oct 20, 2018",208.16,204.77,209.68,203.6,90.81K,1.59%
"Oct 19, 2018",204.9,206.12,207.25,204,136.34K,-0.57%
"Oct 18, 2018",206.08,213,214.67,203.9,187.51K,-3.21%
"Oct 17, 2018",212.92,214.85,216.7,210.31,105.70K,-1.02%
"Oct 16, 2018",215.12,213.59,218.4,211.49,136.36K,0.53%
"Oct 15, 2018",213.99,195.58,238.85,194.5,967.31K,8.72%
"Oct 14, 2018",196.83,201.28,203.2,195.2,166.03K,-2.19%
"Oct 13, 2018",201.23,196.85,202.58,196.85,134.53K,2.14%
"Oct 12, 2018",197.02,191.52,201.2,189.98,292.02K,3.07%
"Oct 11, 2018",191.16,226.48,226.48,190.08,657.53K,-15.68%
"Oct 10, 2018",226.7,228.63,228.63,224.04,152.86K,-0.79%
"Oct 09, 2018",228.51,230.57,231.02,227.15,109.38K,-0.73%
"Oct 08, 2018",230.2,226.9,232.36,224.2,247.53K,1.75%
"Oct 07, 2018",226.23,225.21,227.51,221.76,102.43K,0.41%
"Oct 06, 2018",225.31,228.44,229,223.29,106.61K,-1.46%
"Oct 05, 2018",228.65,222.58,233,219.76,201.59K,2.86%
"Oct 04, 2018",222.3,220.68,227.19,219.6,186.79K,0.70%
"Oct 03, 2018",220.74,225.79,226.48,215.74,274.97K,-2.31%
"Oct 02, 2018",225.97,231.49,232.26,224.69,132.13K,-2.38%
"Oct 01, 2018",231.48,233.7,235.13,225.35,180.64K,-0.55%
"Sep 30, 2018",232.75,231.33,238.92,226.27,312.40K,0.29%
"Sep 29, 2018",232.08,221.11,237.24,213,478.41K,4.54%
"Sep 28, 2018",222.01,229.29,233.54,214.88,484.34K,-3.18%
"Sep 27, 2018",229.29,214.24,232.66,210.6,377.34K,6.93%
"Sep 26, 2018",214.44,219.26,222.61,207.32,412.70K,-1.85%
"Sep 25, 2018",218.48,227.84,227.84,203.52,691.87K,-4.11%
"Sep 24, 2018",227.85,243.48,245.9,225.39,402.79K,-6.89%
"Sep 23, 2018",244.7,240.99,249.44,237.39,248.22K,1.54%
"Sep 22, 2018",241,251.91,254.9,233.31,346.30K,-2.74%
"Sep 21, 2018",247.8,227,251.82,221.62,712.19K,9.65%
"Sep 20, 2018",226,210.01,229.44,207.05,452.53K,7.71%
"Sep 19, 2018",209.83,208.52,214.08,196,630.69K,0.49%
"Sep 18, 2018",208.8,195.61,214.37,194.07,595.19K,6.18%
"Sep 17, 2018",196.65,222.1,224.83,192.55,968.38K,-10.68%
"Sep 16, 2018",220.16,221.48,223.57,204.12,375.94K,-0.66%
"Sep 15, 2018",221.63,208.5,227.65,208.33,454.09K,5.76%
"Sep 14, 2018",209.56,212.2,223.43,203.11,822.42K,-0.53%
"Sep 13, 2018",210.67,183.38,215,183.38,857.54K,14.99%
"Sep 12, 2018",183.21,184.97,184.99,167.72,744.43K,-1.10%
"Sep 11, 2018",185.24,199.01,199.17,178,469.07K,-5.92%
"Sep 10, 2018",196.89,195.98,202.74,187,350.63K,0.42%
"Sep 09, 2018",196.06,197.3,208.37,185.41,420.73K,-0.29%
"Sep 08, 2018",196.63,215.83,219.89,190.96,376.26K,-8.72%
"Sep 07, 2018",215.4,229.72,234.37,213.79,305.53K,-6.26%
"Sep 06, 2018",229.79,228.77,232.11,211.71,525.14K,0.71%
"Sep 05, 2018",228.18,285.35,287.97,226.7,593.27K,-19.98%
"Sep 04, 2018",285.17,289.27,293,282.72,170.22K,-1.42%
"Sep 03, 2018",289.28,295.85,296.27,286.19,125.40K,-1.70%
"Sep 02, 2018",294.27,295.73,299.42,289.56,127.05K,-0.49%
"Sep 01, 2018",295.72,281.84,302.17,281.84,206.00K,4.91%
"Aug 31, 2018",281.87,284.1,284.88,276.41,142.43K,-0.84%
"Aug 30, 2018",284.25,288.76,291.01,272.45,216.13K,-1.68%
"Aug 29, 2018",289.1,295.6,297.01,284.35,150.49K,-2.20%
"Aug 28, 2018",295.59,288.17,297.98,282.83,180.50K,2.59%
"Aug 27, 2018",288.12,274.33,288.12,271.71,159.85K,5.03%
"Aug 26, 2018",274.33,277.28,277.64,269.44,113.45K,-1.07%
"Aug 25, 2018",277.29,281.28,283.04,276.73,79.04K,-1.43%
"Aug 24, 2018",281.3,275.86,283.12,270.2,111.68K,1.97%
"Aug 23, 2018",275.86,270.5,280.3,268.28,154.46K,2.07%
"Aug 22, 2018",270.26,281.25,299.33,259.28,333.34K,-3.97%
"Aug 21, 2018",281.42,270.55,286.24,269.88,151.94K,3.92%
"Aug 20, 2018",270.8,299.21,304.08,269.45,210.05K,-9.54%
"Aug 19, 2018",299.37,294.3,306.45,288.65,154.97K,1.72%
"Aug 18, 2018",294.3,317.68,321.1,282.78,216.90K,-7.31%
"Aug 17, 2018",317.51,286.86,318.63,285.32,293.81K,10.66%
"Aug 16, 2018",286.92,281.07,298.95,278.01,195.61K,2.01%
"Aug 15, 2018",281.27,278.5,304.3,277.11,386.13K,1.11%
"Aug 14, 2018",278.17,283.93,283.93,250.8,447.66K,-2.03%
"Aug 13, 2018",283.92,318.17,322.86,280.81,320.35K,-10.76%
"Aug 12, 2018",318.16,317.84,327.32,314.26,123.15K,0.13%
"Aug 11, 2018",317.76,331.71,332.52,305.06,261.39K,-4.19%
"Aug 10, 2018",331.65,363.27,365.6,326.22,170.12K,-8.69%
"Aug 09, 2018",363.21,356.17,369.94,350.83,129.44K,2.13%
"Aug 08, 2018",355.62,377.82,380.24,348.17,307.73K,-5.88%
"Aug 07, 2018",377.82,404.86,410.49,368.75,190.72K,-6.74%
"Aug 06, 2018",405.13,408.75,413.57,401.15,45.62K,-0.89%
"Aug 05, 2018",408.75,407.06,413.38,399.75,89.02K,0.43%
"Aug 04, 2018",407,417.66,419,401.7,107.43K,-2.57%
"Aug 03, 2018",417.72,410.9,419.66,397.99,148.12K,1.66%
"Aug 02, 2018",410.89,420.08,424.63,407.69,78.96K,-2.18%
"Aug 01, 2018",420.03,432.17,434.93,407.75,182.07K,-2.69%
"Jul 31, 2018",431.65,456.6,457.56,427.51,149.00K,-5.47%
"Jul 30, 2018",456.65,466.47,469.4,446.68,133.40K,-2.11%
"Jul 29, 2018",466.47,469.14,472.15,461.39,42.39K,-0.66%
"Jul 28, 2018",469.56,470.24,471.67,461.35,44.40K,-0.14%
"Jul 27, 2018",470.21,462.29,474.28,456.64,108.98K,1.71%
"Jul 26, 2018",462.3,471.88,484.5,460,87.41K,-2.03%
"Jul 25, 2018",471.89,479.32,485.22,464.28,94.99K,-1.64%
"Jul 24, 2018",479.77,449.47,484.51,448.62,166.83K,6.79%
"Jul 23, 2018",449.26,457.41,470.2,446.57,158.18K,-1.91%
"Jul 22, 2018",457.99,460.75,471.88,455,65.14K,-0.60%
"Jul 21, 2018",460.74,449.14,468.3,441.59,99.66K,2.58%
"Jul 20, 2018",449.13,468.63,469.5,439.95,170.21K,-4.16%
"Jul 19, 2018",468.64,478.97,484.31,462.69,139.42K,-2.15%
"Jul 18, 2018",478.96,499.35,515.28,469.17,194.02K,-4.04%
"Jul 17, 2018",499.11,478.71,511.33,466.04,190.93K,4.18%
"Jul 16, 2018",479.09,450,480.6,445.17,205.39K,6.49%
"Jul 15, 2018",449.9,433.51,455.22,431.19,82.15K,3.78%
"Jul 14, 2018",433.5,432.17,439.85,427.9,71.14K,0.31%
"Jul 13, 2018",432.16,430.9,442.15,424.41,104.05K,0.27%
"Jul 12, 2018",430.99,445.53,445.71,417.8,136.87K,-3.18%
"Jul 11, 2018",445.14,432.7,447,424.88,112.40K,2.95%
"Jul 10, 2018",432.39,471.56,473.09,427.05,254.29K,-8.30%
"Jul 09, 2018",471.55,486.09,487.89,468.79,111.26K,-2.99%
"Jul 08, 2018",486.1,486.75,495.34,482.56,109.84K,-0.13%
"Jul 07, 2018",486.71,470.37,488.7,461.85,119.51K,3.51%
"Jul 06, 2018",470.19,467.52,476.2,451.75,133.85K,0.43%
"Jul 05, 2018",468.18,467.47,478.54,458.3,189.42K,0.15%
"Jul 04, 2018",467.46,462.01,481.68,451.54,143.95K,1.23%
"Jul 03, 2018",461.78,476.8,487.06,459.91,160.61K,-3.15%
"Jul 02, 2018",476.79,452.02,482.04,443.1,186.41K,5.48%
"Jul 01, 2018",452.03,454.19,456.93,443.1,81.75K,-0.40%
"Jun 30, 2018",453.85,435.7,463.1,435.7,171.42K,4.17%
"Jun 29, 2018",435.7,420.78,442.71,405,231.79K,3.55%
"Jun 28, 2018",420.78,441.65,443.49,417.73,148.35K,-4.73%
"Jun 27, 2018",441.66,429.32,446.75,419.45,187.47K,2.83%
"Jun 26, 2018",429.51,459.01,461.4,429.11,183.01K,-6.42%
"Jun 25, 2018",459,455,473.57,445.34,186.20K,0.81%
"Jun 24, 2018",455.32,473.6,475.48,421,282.23K,-3.83%
"Jun 23, 2018",473.47,462.12,480.64,454.44,122.71K,2.53%
"Jun 22, 2018",461.77,526.1,526.11,449,335.14K,-12.23%
"Jun 21, 2018",526.11,536.3,545.3,521.91,93.37K,-1.89%
"Jun 20, 2018",536.26,537.84,542.07,517.01,137.77K,-0.41%
"Jun 19, 2018",538.47,517.73,548.31,515.11,166.36K,4.02%
"Jun 18, 2018",517.64,496.7,524.42,487.36,135.52K,4.45%
"Jun 17, 2018",495.6,496.78,507.71,493.5,76.26K,-0.29%
"Jun 16, 2018",497.02,487.34,503.04,483.74,115.27K,2.00%
"Jun 15, 2018",487.27,520.09,520.85,482.73,208.59K,-6.24%
"Jun 14, 2018",519.69,476.4,526.07,459.68,389.72K,9.14%
"Jun 13, 2018",476.15,493.74,501.11,450.11,338.36K,-3.66%
"Jun 12, 2018",494.25,530.87,540,483.97,263.83K,-6.88%
"Jun 11, 2018",530.78,523,535.56,509.26,234.56K,1.40%
"Jun 10, 2018",523.44,592.55,592.55,500.49,316.08K,-11.76%
"Jun 09, 2018",593.2,599.91,609.73,591.38,60.80K,-1.12%
"Jun 08, 2018",599.9,604.35,608.43,593.07,77.90K,-0.91%
"Jun 07, 2018",605.39,606.66,617.16,599.08,106.66K,-0.21%
"Jun 06, 2018",606.67,608.71,611.99,593.19,100.34K,-0.33%
"Jun 05, 2018",608.68,593,613.57,576.1,118.17K,2.98%
"Jun 04, 2018",591.09,619.4,625.03,580,158.61K,-4.57%
"Jun 03, 2018",619.39,590.45,628.69,590.04,126.91K,4.90%
"Jun 02, 2018",590.44,579.24,600,573.9,149.63K,1.94%
"Jun 01, 2018",579.23,577,589.81,564.35,153.82K,0.32%
"May 31, 2018",577.41,557.1,586.54,553.18,187.67K,3.66%
"May 30, 2018",557.01,567.15,585.17,542,198.94K,-1.74%
"May 29, 2018",566.9,512,572.27,511,329.84K,10.72%
"May 28, 2018",511.99,569,574,500,484.57K,-10.02%
"May 27, 2018",569,584.63,591.94,553.23,266.25K,-2.83%
"May 26, 2018",585.6,583.74,606.78,578.13,135.38K,0.20%
"May 25, 2018",584.42,602.53,615.8,567.76,251.31K,-3.00%
"May 24, 2018",602.52,576.89,608.5,540,415.41K,4.44%
"May 23, 2018",576.9,640,649.49,564.04,418.70K,-9.93%
"May 22, 2018",640.51,696.51,698.11,638.28,202.52K,-7.99%
"May 21, 2018",696.13,715.5,719.68,686.74,84.90K,-2.71%
"May 20, 2018",715.5,695.62,722.64,687.44,116.42K,2.82%
"May 19, 2018",695.88,693.61,717.73,682.07,108.11K,0.33%
"May 18, 2018",693.6,667.84,694.75,657.59,148.10K,3.86%
"May 17, 2018",667.84,706.57,718.9,660.75,151.28K,-5.52%
"May 16, 2018",706.89,705.07,709.99,659,182.20K,0.26%
"May 15, 2018",705.06,727.42,739.29,694.97,174.35K,-3.07%
"May 14, 2018",727.41,728.83,742.32,685.53,287.31K,-0.19%
"May 13, 2018",728.78,683.44,740,668.82,205.65K,6.75%
"May 12, 2018",682.69,677.98,690.43,637.13,267.20K,0.69%
"May 11, 2018",677.98,723.25,736.16,666,347.93K,-6.28%
"May 10, 2018",723.39,751.86,768.01,722.79,174.17K,-3.79%
"May 09, 2018",751.87,747.18,760.32,710.06,191.07K,0.53%
"May 08, 2018",747.94,752.39,775.49,720.33,240.74K,-0.56%
"May 07, 2018",752.14,794.17,797.96,692.28,662.51K,-5.25%
"May 06, 2018",793.79,819.68,838,754.93,235.79K,-3.16%
"May 05, 2018",819.69,784.65,830,782.05,193.96K,4.35%
"May 04, 2018",785.52,779.38,808.72,760.87,253.57K,0.79%
"May 03, 2018",779.39,688,790,687.07,383.79K,13.29%
"May 02, 2018",687.99,671.45,692,662.77,167.63K,2.53%
"May 01, 2018",671.01,670.35,675.17,628.02,221.00K,0.15%
"Apr 30, 2018",670,690.89,694.47,663.43,165.25K,-2.89%
"Apr 29, 2018",689.93,683.27,700,663.83,161.27K,0.97%
"Apr 28, 2018",683.27,643.2,694.34,640.25,185.22K,6.18%
"Apr 27, 2018",643.49,661.2,686.04,640.94,231.49K,-2.72%
"Apr 26, 2018",661.51,616.32,666,600.11,272.43K,7.09%
"Apr 25, 2018",617.7,702.99,703.6,596.99,674.54K,-12.13%
"Apr 24, 2018",702.98,643.97,711.88,643.81,335.69K,9.16%
"Apr 23, 2018",643.98,621,643.98,619.4,166.77K,3.56%
"Apr 22, 2018",621.85,604.69,643.74,591.38,206.38K,2.73%
"Apr 21, 2018",605.35,616.36,624.59,576,231.23K,-1.83%
"Apr 20, 2018",616.65,566.92,621.51,558.04,274.75K,8.85%
"Apr 19, 2018",566.53,525.87,569.98,522.21,211.20K,7.80%
"Apr 18, 2018",525.55,503.14,526.89,501.87,132.76K,4.46%
"Apr 17, 2018",503.13,511.28,522,501.5,156.51K,-1.60%
"Apr 16, 2018",511.29,534.03,537.33,499.33,219.55K,-4.26%
"Apr 15, 2018",534.04,502.43,534.18,502.43,242.20K,6.32%
"Apr 14, 2018",502.28,495.35,514.93,486.94,187.57K,1.64%
"Apr 13, 2018",494.16,493.55,528.36,482.23,411.86K,0.24%
"Apr 12, 2018",493,430,498.7,413.65,392.46K,14.72%
"Apr 11, 2018",429.74,415.71,433.14,412.13,176.17K,3.52%
"Apr 10, 2018",415.12,398.84,417.9,391,146.65K,4.09%
"Apr 09, 2018",398.79,400.33,430.73,387.31,329.86K,-0.39%
"Apr 08, 2018",400.34,384.16,404.07,384.16,134.99K,4.21%
"Apr 07, 2018",384.16,369.74,394.59,368.85,143.72K,3.90%
"Apr 06, 2018",369.73,380.99,385.44,363.03,151.02K,-2.95%
"Apr 05, 2018",380.98,378,387.1,366.12,182.50K,0.79%
"Apr 04, 2018",377.99,415.41,416.54,369.82,256.60K,-9.01%
"Apr 03, 2018",415.43,386.16,417.88,379.83,223.28K,7.76%
"Apr 02, 2018",385.5,378.68,393.99,375.26,196.17K,1.80%
"Apr 01, 2018",378.67,393.37,398.84,358.01,325.75K,-3.64%
"Mar 31, 2018",392.97,393.08,418.5,389,273.24K,-0.03%
"Mar 30, 2018",393.09,384.1,411.12,364.66,501.96K,2.34%
"Mar 29, 2018",384.11,445.37,448,379.6,470.08K,-13.75%
"Mar 28, 2018",445.37,448.19,465.52,439.99,165.08K,-0.55%
"Mar 27, 2018",447.85,485.2,491.35,446.1,310.88K,-7.66%
"Mar 26, 2018",485,522.41,525.37,466.9,224.43K,-7.16%
"Mar 25, 2018",522.41,519.05,535.65,513.06,81.71K,0.70%
"Mar 24, 2018",518.8,543.86,545.24,518,108.76K,-4.51%
"Mar 23, 2018",543.28,539.2,543.66,505.72,193.13K,0.76%
"Mar 22, 2018",539.19,559.22,577.27,515.36,181.65K,-3.72%
"Mar 21, 2018",560.04,556.38,590,544.59,185.47K,0.66%
"Mar 20, 2018",556.38,555,566.28,516.09,226.63K,0.25%
"Mar 19, 2018",554.99,536.73,557.99,514.95,346.87K,3.40%
"Mar 18, 2018",536.73,548.82,560.99,453.65,661.85K,-2.23%
"Mar 17, 2018",549,598.77,609.36,543.3,141.33K,-8.43%
"Mar 16, 2018",599.56,609.91,626.04,584.5,133.52K,-1.70%
"Mar 15, 2018",609.9,610.91,619.82,568.29,223.87K,-0.17%
"Mar 14, 2018",610.92,689.1,702.41,585.34,205.41K,-11.27%
"Mar 13, 2018",688.5,696.51,713.99,676.8,132.60K,-1.15%
"Mar 12, 2018",696.52,719.85,739.84,676.34,123.67K,-3.24%
"Mar 11, 2018",719.86,679.68,734.2,660.15,139.84K,5.91%
"Mar 10, 2018",679.68,724.62,745,676.27,117.94K,-6.20%
"Mar 09, 2018",724.61,697.3,727.81,639.04,229.75K,3.92%
"Mar 08, 2018",697.31,749.2,770,688.01,146.74K,-6.93%
"Mar 07, 2018",749.21,816.48,824.23,725.01,174.36K,-8.22%
"Mar 06, 2018",816.31,848.14,850,803.59,89.00K,-3.71%
"Mar 05, 2018",847.76,866.06,870,847.76,55.13K,-2.11%
"Mar 04, 2018",866.07,855.29,868.26,835.58,45.12K,1.26%
"Mar 03, 2018",855.3,854.79,868.7,852.63,40.49K,0.09%
"Mar 02, 2018",854.5,869.23,879.37,849.73,58.05K,-1.70%
"Mar 01, 2018",869.24,851.25,881.3,845.61,90.09K,2.11%
"Feb 28, 2018",851.26,871.2,888.46,850.75,93.98K,-2.31%
"Feb 27, 2018",871.36,868.6,895,862.08,93.51K,0.41%
"Feb 26, 2018",867.76,838.71,881.6,831.9,136.60K,3.49%
"Feb 25, 2018",838.47,831.51,848.38,816.13,101.28K,0.84%
"Feb 24, 2018",831.51,852.68,872.99,808.17,147.41K,-2.50%
"Feb 23, 2018",852.79,802.85,881.2,787,162.83K,6.22%
"Feb 22, 2018",802.85,837.8,868.94,788,180.65K,-4.17%
"Feb 21, 2018",837.79,884.5,903.33,815.32,220.26K,-5.28%
"Feb 20, 2018",884.51,939.19,958.99,875,150.18K,-5.82%
"Feb 19, 2018",939.18,913.1,955.84,909.4,118.34K,2.96%
"Feb 18, 2018",912.21,973.29,979,901,184.03K,-6.27%
"Feb 17, 2018",973.28,937.37,973.55,933.52,124.67K,3.83%
"Feb 16, 2018",937.38,925.02,944,907,134.07K,1.19%
"Feb 15, 2018",926.32,919.13,945,903.2,205.52K,0.78%
"Feb 14, 2018",919.11,839.69,922,839.69,199.27K,9.46%
"Feb 13, 2018",839.69,866.4,869.26,821.57,130.39K,-3.08%
"Feb 12, 2018",866.4,810.64,876.52,810.64,130.22K,6.88%
"Feb 11, 2018",810.64,851.66,854.5,778.52,146.90K,-4.85%
"Feb 10, 2018",852,878.01,908.99,815.52,165.70K,-3.06%
"Feb 09, 2018",878.9,814.01,881.69,780.53,182.42K,8.08%
"Feb 08, 2018",813.2,752.88,845.88,749.88,236.13K,8.25%
"Feb 07, 2018",751.25,782.99,848.6,716.3,416.98K,-3.88%
"Feb 06, 2018",781.6,698.62,798.7,566,790.23K,11.88%
"Feb 05, 2018",698.62,827.9,858,641.01,547.57K,-15.83%
"Feb 04, 2018",829.98,972.19,972.69,776,340.10K,-14.65%
"Feb 03, 2018",972.4,923.2,999,845,211.35K,5.32%
"Feb 02, 2018",923.3,1036.2,1038.7,769.99,520.79K,-10.90%
"Feb 01, 2018",1036.3,1120.7,1167,985.01,285.60K,-7.58%
"Jan 31, 2018",1121.3,1076.8,1128.7,1027.8,136.70K,4.21%
"Jan 30, 2018",1076,1174.3,1178.8,1041,246.88K,-8.43%
"Jan 29, 2018",1175,1245.5,1259.8,1155.9,139.56K,-5.74%
"Jan 28, 2018",1246.6,1114.7,1264.8,1109,189.36K,11.82%
"Jan 27, 2018",1114.8,1046.9,1125.3,1031.6,105.76K,6.48%
"Jan 26, 2018",1047,1048.2,1078.6,983,138.71K,-0.11%
"Jan 25, 2018",1048.2,1061.8,1102.4,1025.1,162.09K,-1.41%
"Jan 24, 2018",1063.2,982.11,1068.8,952.04,173.18K,8.16%
"Jan 23, 2018",982.98,995.26,1022,905.38,228.08K,-1.22%
"Jan 22, 2018",995.08,1047,1084.1,912.76,238.82K,-4.96%
"Jan 21, 2018",1047,1146.3,1146.3,1001.5,197.63K,-8.64%
"Jan 20, 2018",1146,1032.6,1160,1029.6,163.86K,10.98%
"Jan 19, 2018",1032.6,993.92,1079,960.1,174.91K,3.80%
"Jan 18, 2018",994.81,1020.1,1079,940,374.07K,-2.23%
"Jan 17, 2018",1017.5,1019.6,1088.3,770.1,686.58K,-0.25%
"Jan 16, 2018",1020.1,1275.8,1278.8,868.98,672.02K,-19.89%
"Jan 15, 2018",1273.4,1349.9,1377.9,1264.4,137.68K,-5.67%
"Jan 14, 2018",1350,1379.9,1385,1256,176.75K,-2.17%
"Jan 13, 2018",1380,1257,1423.2,1252.6,202.78K,9.77%
"Jan 12, 2018",1257.2,1135.1,1285,1083.4,209.24K,10.72%
"Jan 11, 2018",1135.5,1245.9,1331.8,1102.5,360.57K,-9.01%
"Jan 10, 2018",1248,1285.7,1381.9,1203.2,380.43K,-2.78%
"Jan 09, 2018",1283.7,1129.4,1299,1119.1,296.90K,13.67%
"Jan 08, 2018",1129.3,1115.9,1225,968.12,439.43K,1.21%
"Jan 07, 2018",1115.8,1004.3,1116,999.5,199.83K,11.10%
"Jan 06, 2018",1004.3,962.77,1014.2,951.38,127.79K,4.31%
"Jan 05, 2018",962.77,939.3,1023.6,930,298.24K,2.42%
"Jan 04, 2018",940,942.01,997,893.24,348.62K,-0.21%
"Jan 03, 2018",942.01,858.78,954.73,840,310.54K,9.69%
"Jan 02, 2018",858.78,752.46,890,752.46,420.96K,14.13%
"Jan 01, 2018",752.46,736.77,762,717.94,121.56K,2.13%
"Dec 31, 2017",736.77,682.22,741.99,675.56,153.38K,8.00%
"Dec 30, 2017",682.22,731.52,737.56,640.43,267.70K,-6.74%
"Dec 29, 2017",731.52,711.42,755,703.02,204.82K,2.83%
"Dec 28, 2017",711.42,736.45,740.3,652,255.38K,-3.40%
"Dec 27, 2017",736.45,749.8,766.06,703.27,167.81K,-1.78%
"Dec 26, 2017",749.8,709.81,749.8,708.83,149.07K,5.63%
"Dec 25, 2017",709.81,659.89,737,651.76,218.49K,7.56%
"Dec 24, 2017",659.89,672.59,675,560,312.62K,-1.89%
"Dec 23, 2017",672.59,628.19,717,616.19,240.69K,7.07%
"Dec 22, 2017",628.19,786.97,792,492.01,780.15K,-20.18%
"Dec 21, 2017",786.97,794.99,848.08,747.1,341.95K,-1.01%
"Dec 20, 2017",794.99,799.98,826.2,709,423.20K,-0.62%
"Dec 19, 2017",799.98,783.99,863,750.01,518.29K,2.04%
"Dec 18, 2017",783.99,708.78,798.9,660,420.29K,10.61%
"Dec 17, 2017",708.78,683.25,725,683.24,210.62K,3.74%
"Dec 16, 2017",683.25,678.29,711.96,672.51,200.94K,0.73%
"Dec 15, 2017",678.29,686.51,698.31,610,360.05K,-1.20%
"Dec 14, 2017",686.51,690.69,760,651,494.41K,-0.61%
"Dec 13, 2017",690.69,634.87,742,573,686.14K,8.79%
"Dec 12, 2017",634.87,515.25,646.92,497.75,425.21K,23.22%
"Dec 11, 2017",515.25,429.24,531.2,429.14,224.21K,20.04%
"Dec 10, 2017",429.24,460.92,460.92,413.3,250.23K,-6.87%
"Dec 09, 2017",460.92,442.19,487.8,441,322.50K,4.24%
"Dec 08, 2017",442.19,415.02,453.61,400.34,318.98K,6.55%
"Dec 07, 2017",415.02,413.71,429,390,322.00K,0.32%
"Dec 06, 2017",413.71,451.87,454.23,403,367.19K,-8.44%
"Dec 05, 2017",451.87,465,467.38,444.17,187.53K,-2.82%
"Dec 04, 2017",465,459.49,471.06,439.27,123.19K,1.20%
"Dec 03, 2017",459.49,455.51,482.69,431.04,137.97K,0.87%
"Dec 02, 2017",455.51,460.67,472,447,135.33K,-1.12%
"Dec 01, 2017",460.67,432.21,467,413.96,169.74K,6.58%
"Nov 30, 2017",432.21,420.34,454.95,385.4,224.57K,2.82%
"Nov 29, 2017",420.34,465.56,517,403.01,228.93K,-9.71%
"Nov 28, 2017",465.56,473.44,479,457.2,153.81K,-1.66%
"Nov 27, 2017",473.44,464,491.89,458.25,191.77K,2.03%
"Nov 26, 2017",464,464,464,464,-,0.00%
"Nov 25, 2017",464,469.89,481.99,454.4,168.49K,-1.38%
"Nov 24, 2017",470.51,405.19,478.5,397.37,258.20K,16.12%
"Nov 23, 2017",405.19,380.48,426.27,374.34,264.29K,6.49%
"Nov 22, 2017",380.48,360,381.89,358.8,138.90K,5.69%
"Nov 21, 2017",360,367.94,373.5,350,199.14K,-2.16%
"Nov 20, 2017",367.94,354.7,373.7,352.03,148.45K,3.73%
"Nov 19, 2017",354.7,346.68,371,343.28,176.58K,2.31%
"Nov 18, 2017",346.68,331,350.4,325.32,148.23K,4.74%
"Nov 17, 2017",331,331.16,335.01,325,151.63K,0.07%
"Nov 16, 2017",330.76,330.59,335.11,321.18,149.13K,0.05%
"Nov 15, 2017",330.59,334.28,339.61,321.5,167.05K,-1.10%
"Nov 14, 2017",334.28,313.22,336.69,313.22,244.03K,6.72%
"Nov 13, 2017",313.22,303.9,318,302.4,198.96K,3.07%
"Nov 12, 2017",303.9,313.07,316.99,293.33,251.26K,-2.93%
"Nov 11, 2017",313.07,296.18,319.88,294.7,172.77K,5.70%
"Nov 10, 2017",296.18,319.52,324.03,286,331.44K,-7.30%
"Nov 09, 2017",319.52,307.5,328.8,305,251.77K,3.91%
"Nov 08, 2017",307.5,291.42,318.9,290.11,335.69K,5.52%
"Nov 07, 2017",291.42,296.9,304.2,285.01,216.51K,-1.85%
"Nov 06, 2017",296.9,295.63,310,292,159.37K,0.43%
"Nov 05, 2017",295.63,299.48,301,292.28,98.63K,-1.29%
"Nov 04, 2017",299.48,303.47,304.38,293,132.54K,-1.31%
"Nov 03, 2017",303.47,284.89,307.36,284,217.42K,6.52%
"Nov 02, 2017",284.89,288.6,293.01,275.21,260.22K,-1.29%
"Nov 01, 2017",288.6,303.69,305.11,287.04,153.84K,-4.97%
"Oct 31, 2017",303.69,307,312,303.1,81.66K,-1.08%
"Oct 30, 2017",307,304.39,314.4,303.93,86.21K,0.86%
"Oct 29, 2017",304.39,293.49,312.49,290.5,166.62K,3.71%
"Oct 28, 2017",293.49,295.99,297.01,288.6,70.22K,-0.84%
"Oct 27, 2017",295.99,295.1,299.5,291.6,68.47K,0.30%
"Oct 26, 2017",295.1,295.46,299,290.55,59.36K,-0.12%
"Oct 25, 2017",295.46,296.3,300,288.5,94.09K,-0.28%
"Oct 24, 2017",296.3,284.85,311.85,280.02,216.67K,4.02%
"Oct 23, 2017",284.85,293.55,293.96,273.5,170.70K,-2.96%
"Oct 22, 2017",293.55,299.23,305.62,289.4,95.45K,-1.90%
"Oct 21, 2017",299.23,302.61,303,289.31,105.32K,-1.12%
"Oct 20, 2017",302.61,306.97,313.01,301.04,118.80K,-1.42%
"Oct 19, 2017",306.97,313.45,316.5,304,118.04K,-2.07%
"Oct 18, 2017",313.45,315.65,316.21,287.46,252.92K,-0.70%
"Oct 17, 2017",315.65,334.46,334.8,308,191.86K,-5.62%
"Oct 16, 2017",334.46,337.23,355,330.85,270.07K,-0.82%
"Oct 15, 2017",337.23,339.24,344.89,315,250.08K,-0.59%
"Oct 14, 2017",339.24,337.46,348,334.05,151.02K,0.53%
"Oct 13, 2017",337.46,303.06,350,298,383.16K,11.35%
"Oct 12, 2017",303.06,303.2,310.01,302.1,185.68K,-0.05%
"Oct 11, 2017",303.2,299.32,306.55,296.6,116.31K,1.30%
"Oct 10, 2017",299.32,297.4,307,292.57,104.64K,0.65%
"Oct 09, 2017",297.4,309.82,311.16,287.03,180.23K,-4.01%
"Oct 08, 2017",309.82,311.46,314.39,307.55,103.78K,-0.53%
"Oct 07, 2017",311.46,308.43,315,304.5,117.03K,0.98%
"Oct 06, 2017",308.43,295.12,309.59,293.04,106.64K,4.51%
"Oct 05, 2017",295.12,291.4,297.92,285.12,90.80K,1.28%
"Oct 04, 2017",291.4,291.69,296,287.56,112.70K,-0.10%
"Oct 03, 2017",291.69,296.82,300.5,285.93,129.15K,-1.73%
"Oct 02, 2017",296.82,304.26,304.63,292.1,133.99K,-2.45%
"Oct 01, 2017",304.26,303.44,305.57,295,110.10K,0.27%
"Sep 30, 2017",303.44,292.66,307.76,292.3,131.20K,3.68%
"Sep 29, 2017",292.66,302.63,303.9,280.5,276.12K,-3.29%
"Sep 28, 2017",302.63,309.75,310.69,297.75,140.29K,-2.30%
"Sep 27, 2017",309.75,289.28,315.51,286.93,213.82K,7.08%
"Sep 26, 2017",289.28,295.2,296.38,285.2,104.72K,-2.01%
"Sep 25, 2017",295.2,282,297.93,281.8,186.37K,4.68%
"Sep 24, 2017",282,285.9,294.54,275.41,196.56K,-1.36%
"Sep 23, 2017",285.9,262.19,287.2,259.01,162.98K,9.04%
"Sep 22, 2017",262.19,256.67,269.5,253.03,183.77K,2.15%
"Sep 21, 2017",256.67,283.5,287.53,251.52,292.98K,-9.46%
"Sep 20, 2017",283.5,282.63,294,277,146.38K,0.31%
"Sep 19, 2017",282.63,296.81,299,275,268.88K,-4.78%
"Sep 18, 2017",296.81,257,299.89,257,378.67K,15.49%
"Sep 17, 2017",257,253,263.69,239,195.92K,1.58%
"Sep 16, 2017",253,258.68,270,242.2,308.48K,-2.20%
"Sep 15, 2017",258.68,222.5,269,198,954.56K,16.26%
"Sep 14, 2017",222.5,275.48,281.01,221.71,642.98K,-19.23%
"Sep 13, 2017",275.48,293.9,294.16,256,449.34K,-6.27%
"Sep 12, 2017",293.9,297.19,316.73,283,261.52K,-1.11%
"Sep 11, 2017",297.19,297.9,308,287.33,174.01K,-0.24%
"Sep 10, 2017",297.9,303.08,305,276.11,254.70K,-1.71%
"Sep 09, 2017",303.08,304,307.08,291.46,169.79K,-0.30%
"Sep 08, 2017",304,334.1,334.58,291,309.62K,-9.01%
"Sep 07, 2017",334.1,337.36,338.66,321.1,166.57K,-0.97%
"Sep 06, 2017",337.36,316.18,339.5,314.81,230.11K,6.70%
"Sep 05, 2017",316.18,295.81,323.17,267.64,381.67K,6.89%
"Sep 04, 2017",295.81,350.63,351.59,275,569.73K,-15.63%
"Sep 03, 2017",350.63,345,368.4,328.33,212.17K,1.63%
"Sep 02, 2017",345,390.35,390.77,325.1,308.36K,-11.62%
"Sep 01, 2017",390.35,387.3,395.03,383.6,131.80K,0.79%
"Aug 31, 2017",387.3,382.78,390,380.1,98.59K,1.18%
"Aug 30, 2017",382.78,372,390.1,365.1,188.64K,2.90%
"Aug 29, 2017",372,347.09,375.98,346.42,180.48K,7.18%
"Aug 28, 2017",347.09,348.01,352,332.74,111.21K,-0.26%
"Aug 27, 2017",348.01,332.72,348.01,331.88,103.44K,4.60%
"Aug 26, 2017",332.72,328.7,334.6,324.5,90.18K,1.22%
"Aug 25, 2017",328.7,325.62,338.25,324.04,108.00K,0.95%
"Aug 24, 2017",325.62,316.5,329.56,314.14,93.42K,2.88%
"Aug 23, 2017",316.5,312.54,325,311.65,115.09K,1.27%
"Aug 22, 2017",312.54,322.24,329.96,285.01,244.94K,-3.01%
"Aug 21, 2017",322.24,298.37,346.99,294.53,329.81K,8.00%
"Aug 20, 2017",298.37,292.78,299,286.96,86.96K,1.91%
"Aug 19, 2017",292.78,292,298.51,280,158.37K,0.27%
"Aug 18, 2017",292,299,307,286,165.16K,-2.34%
"Aug 17, 2017",299,301.34,312,297.01,133.09K,-0.78%
"Aug 16, 2017",301.34,286,304,279.94,150.43K,5.36%
"Aug 15, 2017",286,298.22,299.91,272.29,179.77K,-4.10%
"Aug 14, 2017",298.22,296.64,306.48,293.99,106.08K,0.53%
"Aug 13, 2017",296.64,307.22,308,285.21,166.56K,-3.44%
"Aug 12, 2017",307.22,308.81,319.78,299,160.55K,-0.51%
"Aug 11, 2017",308.81,295.97,310.42,294,130.15K,4.34%
"Aug 10, 2017",295.97,293.99,310.05,287.6,155.41K,0.67%
"Aug 09, 2017",293.99,295.83,316,277,400.20K,-0.62%
"Aug 08, 2017",295.83,269.51,299.5,265,207.56K,9.77%
"Aug 07, 2017",269.51,264.29,274.6,257.32,146.17K,1.98%
"Aug 06, 2017",264.29,253.87,271.5,251,209.86K,4.10%
"Aug 05, 2017",253.87,220.73,259.9,219.23,234.87K,15.01%
"Aug 04, 2017",220.73,224.79,228.3,218.66,83.46K,-1.81%
"Aug 03, 2017",224.79,218,228.2,217.07,96.19K,3.11%
"Aug 02, 2017",218,225.97,229.7,215,159.47K,-3.53%
"Aug 01, 2017",225.97,200.81,232.59,200.8,352.31K,12.53%
"Jul 31, 2017",200.81,195.31,201.5,188.12,126.90K,2.82%
"Jul 30, 2017",195.31,206.76,210.76,192.21,149.31K,-5.54%
"Jul 29, 2017",206.76,191.2,213,176.95,247.44K,8.14%
"Jul 28, 2017",191.2,202.54,204.19,188.1,141.11K,-5.60%
"Jul 27, 2017",202.54,203.33,207,197.86,117.42K,-0.39%
"Jul 26, 2017",203.33,202.7,209.59,191.76,195.90K,0.31%
"Jul 25, 2017",202.7,226.59,227.69,190.49,309.49K,-10.54%
"Jul 24, 2017",226.59,228.15,232.56,223.64,101.65K,-0.68%
"Jul 23, 2017",228.15,232.01,236.57,219,117.35K,-1.66%
"Jul 22, 2017",232.01,216.11,237.19,214.35,158.92K,7.36%
"Jul 21, 2017",216.11,227.29,239,208,243.96K,-4.92%
"Jul 20, 2017",227.29,194.63,238,194.63,603.45K,16.78%
"Jul 19, 2017",194.63,226.56,245.61,187,664.41K,-14.09%
"Jul 18, 2017",226.56,190.16,258,177.5,718.93K,19.14%
"Jul 17, 2017",190.16,157.4,190.61,155,414.02K,20.81%
"Jul 16, 2017",157.4,170.15,172.7,136.12,602.49K,-7.49%
"Jul 15, 2017",170.15,196.49,197.8,169.82,198.43K,-13.41%
"Jul 14, 2017",196.49,205,207.76,179.58,277.64K,-4.15%
"Jul 13, 2017",205,223.92,224.99,189.46,240.85K,-8.45%
"Jul 12, 2017",223.92,188.63,225,177.78,311.08K,18.71%
"Jul 11, 2017",188.63,202,215,169,446.12K,-6.62%
"Jul 10, 2017",202,234.97,238.01,187.5,287.53K,-14.03%
"Jul 09, 2017",234.97,245.23,249,234.15,57.56K,-4.18%
"Jul 08, 2017",245.23,238.38,246.66,226.68,104.33K,2.87%
"Jul 07, 2017",238.38,265.35,265.8,233.84,141.86K,-10.16%
"Jul 06, 2017",265.35,264.77,273,258.37,68.69K,0.22%
"Jul 05, 2017",264.77,266.68,272.12,249.53,124.79K,-0.72%
"Jul 04, 2017",266.68,273.99,283,260,121.43K,-2.67%
"Jul 03, 2017",273.99,277.64,283.98,266.45,96.10K,-1.31%
"Jul 02, 2017",277.64,255,285.91,242.81,139.58K,8.88%
"Jul 01, 2017",255,275.62,277.63,238,204.66K,-7.48%
"Jun 30, 2017",275.62,285.3,301.9,267.35,110.51K,-3.39%
"Jun 29, 2017",285.3,311.62,318.27,276,177.17K,-8.45%
"Jun 28, 2017",311.62,279,318.27,255,260.10K,11.69%
"Jun 27, 2017",279,251.3,279,204.11,312.09K,11.02%
"Jun 26, 2017",251.3,277,286.85,214.99,388.66K,-9.28%
"Jun 25, 2017",277,296.89,306.39,253.2,145.30K,-6.70%
"Jun 24, 2017",296.89,324.37,327.55,291.53,55.85K,-8.47%
"Jun 23, 2017",324.37,320.94,329.9,316.36,30.17K,1.07%
"Jun 22, 2017",320.94,321.66,328.99,305,100.52K,-0.22%
"Jun 21, 2017",321.66,344.15,348.5,287.11,183.66K,-6.53%
"Jun 20, 2017",344.15,355.5,366.52,328,97.91K,-3.19%
"Jun 19, 2017",355.5,348.88,362.5,344.13,49.84K,1.90%
"Jun 18, 2017",348.88,364.56,377.46,336.89,80.92K,-4.30%
"Jun 17, 2017",364.56,348.44,366.08,332,62.79K,4.63%
"Jun 16, 2017",348.44,338.7,355.51,305.22,99.39K,2.88%
"Jun 15, 2017",338.7,335.95,344,265,327.57K,0.82%
"Jun 14, 2017",335.95,382.7,385.73,315,169.59K,-12.22%
"Jun 13, 2017",382.7,386.9,395,345.61,126.37K,-1.09%
"Jun 12, 2017",386.9,336.33,412.21,297,335.23K,15.04%
"Jun 11, 2017",336.33,325.88,347,310,143.92K,3.21%
"Jun 10, 2017",325.88,278.41,341.94,278.26,161.36K,17.05%
"Jun 09, 2017",278.41,256.95,279.9,256.95,77.58K,8.35%
"Jun 08, 2017",256.95,250.7,258.93,242.04,42.05K,2.49%
"Jun 07, 2017",250.7,261.89,263.7,241.01,72.43K,-4.27%
"Jun 06, 2017",261.89,242.16,264.99,238.23,117.73K,8.15%
"Jun 05, 2017",242.16,241.06,244.29,231.72,57.88K,0.46%
"Jun 04, 2017",241.06,217.01,245.98,216.1,107.42K,11.08%
"Jun 03, 2017",217.01,214.77,217.99,210.01,27.45K,1.04%
"Jun 02, 2017",214.77,211.4,219.21,208.23,43.56K,1.59%
"Jun 01, 2017",211.4,218.34,227.32,196,129.59K,-3.18%
"May 31, 2017",218.34,224.69,230.55,200.9,167.00K,-2.83%
"May 30, 2017",224.69,189.99,229.98,182,216.53K,18.26%
"May 29, 2017",189.99,161.91,191.3,155.01,134.97K,17.34%
"May 28, 2017",161.91,149.99,172.79,149.66,183.88K,7.95%
"May 27, 2017",149.99,152.8,161,110.42,360.80K,-1.84%
"May 26, 2017",152.8,168.71,187,143.64,185.60K,-9.43%
"May 25, 2017",168.71,183.88,206.06,155,246.56K,-8.25%
"May 24, 2017",183.88,168.24,197.41,166.33,184.31K,9.30%
"May 23, 2017",168.24,154.92,174.3,148.6,144.90K,8.60%
"May 22, 2017",154.92,146.14,190,136.8,472.57K,6.01%
"May 21, 2017",146.14,123.03,146.4,122.32,219.99K,18.78%
"May 20, 2017",123.03,124.4,128.95,119.54,122.85K,-1.10%
"May 19, 2017",124.4,98.6,129.25,98.31,257.35K,26.17%
"May 18, 2017",98.6,89.67,98.89,89.42,124.93K,9.96%
"May 17, 2017",89.67,88.17,90.93,83.77,49.95K,1.70%
"May 16, 2017",88.17,92.56,93.48,85.43,55.26K,-4.74%
"May 15, 2017",92.56,90.37,95.17,90.37,115.27K,2.42%
"May 14, 2017",90.37,89.9,91.92,88.11,49.49K,0.52%
"May 13, 2017",89.9,86.99,89.99,84.5,30.29K,3.35%
"May 12, 2017",86.99,89.38,92,83.85,80.92K,-2.67%
"May 11, 2017",89.38,88.33,91.5,87.35,60.14K,1.19%
"May 10, 2017",88.33,88.94,92.46,86.6,55.86K,-0.69%
"May 09, 2017",88.94,88.97,91.1,77.76,201.04K,-0.03%
"May 08, 2017",88.97,94.21,95.48,88.11,99.81K,-5.56%
"May 07, 2017",94.21,96.65,98,90.89,62.63K,-2.52%
"May 06, 2017",96.65,91.5,96.84,90.53,69.58K,5.63%
"May 05, 2017",91.5,99.2,101.7,88.2,205.19K,-7.76%
"May 04, 2017",99.2,85.79,99.78,84.61,234.89K,15.63%
"May 03, 2017",85.79,82.01,86.62,81,102.03K,4.61%
"May 02, 2017",82.01,81.4,85.18,79.49,103.34K,0.75%
"May 01, 2017",81.4,83.51,88.1,66,360.89K,-2.53%
"Apr 30, 2017",83.51,73.55,84,72.6,140.76K,13.54%
"Apr 29, 2017",73.55,76,77.6,71.2,135.65K,-3.22%
"Apr 28, 2017",76,68,77.4,66,274.12K,11.76%
"Apr 27, 2017",68,57.31,68,56.92,150.43K,18.65%
"Apr 26, 2017",57.31,53.9,58.38,53.66,151.53K,6.33%
"Apr 25, 2017",53.9,53.54,54.21,53.25,27.84K,0.67%
"Apr 24, 2017",53.54,53.33,54.48,53,57.99K,0.39%
"Apr 23, 2017",53.33,52.15,54.44,51.75,53.39K,2.26%
"Apr 22, 2017",52.15,51.37,52.78,51.03,35.81K,1.52%
"Apr 21, 2017",51.37,51.96,52.27,51.1,44.69K,-1.14%
"Apr 20, 2017",51.96,49.66,52.45,48.6,99.32K,4.63%
"Apr 19, 2017",49.66,52.42,53,45,131.60K,-5.27%
"Apr 18, 2017",52.42,49.52,53,49.07,183.89K,5.86%
"Apr 17, 2017",49.52,49.58,50.27,48.88,48.76K,-0.12%
"Apr 16, 2017",49.58,49.71,49.9,48.87,18.30K,-0.26%
"Apr 15, 2017",49.71,48.5,50.48,47.95,94.94K,2.49%
"Apr 14, 2017",48.5,50.65,50.65,47.34,112.71K,-4.24%
"Apr 13, 2017",50.65,46.85,51.51,46.85,148.82K,8.11%
"Apr 12, 2017",46.85,44.21,48.47,43.84,153.49K,5.97%
"Apr 11, 2017",44.21,44.17,44.8,43.8,32.39K,0.09%
"Apr 10, 2017",44.17,43.94,44.76,43.01,62.32K,0.52%
"Apr 09, 2017",43.94,44.51,44.86,43.18,50.66K,-1.28%
"Apr 08, 2017",44.51,42.25,45.76,42.25,103.95K,5.35%
"Apr 07, 2017",42.25,43.11,44.53,41.78,79.29K,-1.99%
"Apr 06, 2017",43.11,45.35,46.03,41.25,185.55K,-4.94%
"Apr 05, 2017",45.35,44.41,47.53,44.19,161.26K,2.12%
"Apr 04, 2017",44.41,44.28,45.69,41.05,217.96K,0.29%
"Apr 03, 2017",44.28,48.6,48.6,42.77,334.41K,-8.89%
"Apr 02, 2017",48.6,50.59,51.59,47.7,224.17K,-3.93%
"Apr 01, 2017",50.59,49.72,51.87,48.7,110.41K,1.75%
"Mar 31, 2017",49.72,51.62,51.83,46.82,224.20K,-3.68%
"Mar 30, 2017",51.62,52.88,53.28,50.75,106.85K,-2.38%
"Mar 29, 2017",52.88,50.16,54.3,49.4,195.81K,5.42%
"Mar 28, 2017",50.16,48.93,50.6,47.95,129.69K,2.51%
"Mar 27, 2017",48.93,50.46,52.01,47.67,111.39K,-3.03%
"Mar 26, 2017",50.46,50.75,51.8,46.55,132.00K,-0.57%
"Mar 25, 2017",50.75,54.01,54.9,47.46,327.30K,-6.04%
"Mar 24, 2017",54.01,43.14,58.99,42.5,467.53K,25.20%
"Mar 23, 2017",43.14,41.46,44.75,40.22,149.61K,4.05%
"Mar 22, 2017",41.46,42.45,42.95,38.51,139.58K,-2.33%
"Mar 21, 2017",42.45,42.06,43.7,41.15,132.27K,0.93%
"Mar 20, 2017",42.06,43.17,45.13,39.47,250.00K,-2.57%
"Mar 19, 2017",43.17,34.2,45.69,34.1,482.75K,26.23%
"Mar 18, 2017",34.2,44.65,44.99,31.1,605.22K,-23.40%
"Mar 17, 2017",44.65,45.07,51.88,32.84,969.51K,-0.93%
"Mar 16, 2017",45.07,34.8,46.21,34.8,875.17K,29.51%
"Mar 15, 2017",34.8,28.66,34.8,28.36,387.16K,21.42%
"Mar 14, 2017",28.66,28.4,29.93,27,200.54K,0.92%
"Mar 13, 2017",28.4,23.2,30.6,23.2,508.93K,22.41%
"Mar 12, 2017",23.2,21.3,23.23,21.05,224.82K,8.92%
"Mar 11, 2017",21.3,19.18,21.45,18.83,189.08K,11.05%
"Mar 10, 2017",19.18,17.75,19.7,16.5,235.67K,8.06%
"Mar 09, 2017",17.75,16.51,18,16.25,80.46K,7.51%
"Mar 08, 2017",16.51,18.88,18.88,16.51,160.59K,-12.55%
"Mar 07, 2017",18.88,19.51,19.67,18.5,65.33K,-3.23%
"Mar 06, 2017",19.51,19.35,20.23,19.14,90.55K,0.83%
"Mar 05, 2017",19.35,18.5,19.45,18.15,64.68K,4.59%
"Mar 04, 2017",18.5,19.49,20,18.4,94.84K,-5.08%
"Mar 03, 2017",19.49,19.02,20.73,18.43,280.29K,2.47%
"Mar 02, 2017",19.02,17.43,19.45,16.3,258.03K,9.12%
"Mar 01, 2017",17.43,15.86,17.49,15.62,98.12K,9.90%
"Feb 28, 2017",15.86,15.5,16.23,15.18,176.17K,2.32%
"Feb 27, 2017",15.5,14.57,15.75,14.3,134.08K,6.38%
"Feb 26, 2017",14.57,13.55,14.66,13.3,81.33K,7.53%
"Feb 25, 2017",13.55,13.11,13.8,13.05,63.73K,3.36%
"Feb 24, 2017",13.11,13.27,13.31,12.7,41.53K,-1.21%
"Feb 23, 2017",13.27,12.68,13.37,12.6,48.19K,4.65%
"Feb 22, 2017",12.68,12.82,12.85,12.6,13.59K,-1.09%
"Feb 21, 2017",12.82,12.4,12.89,12.25,49.74K,3.39%
"Feb 20, 2017",12.4,12.8,12.91,12.4,26.07K,-3.13%
"Feb 19, 2017",12.8,12.79,12.94,12.7,15.57K,0.08%
"Feb 18, 2017",12.79,12.76,12.9,12.7,19.23K,0.24%
"Feb 17, 2017",12.76,12.92,12.92,12.6,24.77K,-1.24%
"Feb 16, 2017",12.92,12.92,12.99,12.57,33.27K,0.00%
"Feb 15, 2017",12.92,13.02,13.15,12.59,86.51K,-0.31%
"Feb 14, 2017",12.96,11.32,13.4,11.32,175.41K,14.19%
"Feb 13, 2017",11.35,11.33,11.37,11.05,16.95K,0.80%
"Feb 12, 2017",11.26,11.33,11.4,11.22,10.06K,-0.62%
"Feb 11, 2017",11.33,11.27,11.38,11.13,20.93K,0.27%
"Feb 10, 2017",11.3,10.95,11.39,10.75,40.31K,3.67%
"Feb 09, 2017",10.9,11.35,11.51,10.41,58.77K,-3.96%
"Feb 08, 2017",11.35,11.45,11.6,11,22.54K,-0.53%
"Feb 07, 2017",11.41,11.31,11.5,11.25,33.23K,0.80%
"Feb 06, 2017",11.32,11.18,11.33,11.12,19.90K,1.25%
"Feb 05, 2017",11.18,11.32,11.37,11.05,13.74K,-1.24%
"Feb 04, 2017",11.32,11,11.4,11,45.16K,3.57%
"Feb 03, 2017",10.93,10.78,10.93,10.55,29.30K,1.20%
"Feb 02, 2017",10.8,10.71,10.84,10.53,42.69K,0.84%
"Feb 01, 2017",10.71,10.71,10.77,10.41,32.51K,0.00%
"Jan 31, 2017",10.71,10.5,10.74,10.38,71.53K,1.71%
"Jan 30, 2017",10.53,10.44,10.69,10.38,30.57K,0.67%
"Jan 29, 2017",10.46,10.49,10.51,10.38,10.94K,-0.48%
"Jan 28, 2017",10.51,10.5,10.54,10.35,29.30K,0.10%
"Jan 27, 2017",10.5,10.52,10.58,10.36,17.50K,-1.22%
"Jan 26, 2017",10.63,10.49,10.63,10.43,24.21K,1.43%
"Jan 25, 2017",10.48,10.52,10.58,10.35,7.48K,-0.19%
"Jan 24, 2017",10.5,10.58,10.75,10.46,30.06K,-2.51%
"Jan 23, 2017",10.77,10.64,10.83,10.59,15.54K,1.22%
"Jan 22, 2017",10.64,10.91,10.98,10.34,40.19K,-2.83%
"Jan 21, 2017",10.95,10.64,11.09,10.56,35.80K,3.11%
"Jan 20, 2017",10.62,10.38,10.75,10.3,18.16K,2.31%
"Jan 19, 2017",10.38,10.31,10.51,10.15,14.47K,1.86%
"Jan 18, 2017",10.19,10.3,10.49,9.74,28.40K,0.69%
"Jan 17, 2017",10.12,9.54,10.6,9.53,67.95K,5.31%
"Jan 16, 2017",9.61,9.72,9.78,9.55,4.58K,-2.04%
"Jan 15, 2017",9.81,9.67,9.83,9.6,4.82K,1.45%
"Jan 14, 2017",9.67,9.72,9.87,9.51,4.98K,0.00%
"Jan 13, 2017",9.67,9.83,9.83,9.39,11.36K,-1.63%
"Jan 12, 2017",9.83,9.48,10.04,9.08,34.56K,0.41%
"Jan 11, 2017",9.79,10.61,10.7,9.41,45.45K,-7.73%
"Jan 10, 2017",10.61,10.43,10.75,10.2,27.71K,3.41%
"Jan 09, 2017",10.26,10.43,10.84,9.5,47.42K,-0.19%
"Jan 08, 2017",10.28,9.8,10.48,9.8,33.30K,4.47%
"Jan 07, 2017",9.84,10.09,10.19,9.48,30.67K,-2.38%
"Jan 06, 2017",10.08,10.23,10.4,9.47,41.34K,-0.69%
"Jan 05, 2017",10.15,11.16,11.7,9.2,140.18K,-7.73%
"Jan 04, 2017",11,9.57,11.1,9.44,158.93K,12.94%
"Jan 03, 2017",9.74,8.43,9.9,8.3,172.41K,16.37%
"Jan 02, 2017",8.37,8.19,8.5,8.11,28.93K,2.07%
"Jan 01, 2017",8.2,8.17,8.59,8.03,41.41K,2.50%
"Dec 31, 2016",8,8.17,8.35,8,57.21K,-1.96%
"Dec 30, 2016",8.16,8.27,8.5,8.05,16.21K,-1.33%
"Dec 29, 2016",8.27,7.62,8.6,7.62,83.31K,9.10%
"Dec 28, 2016",7.58,7.2,7.76,7.1,50.65K,6.46%
"Dec 27, 2016",7.12,7.27,7.33,7.08,11.66K,-2.06%
"Dec 26, 2016",7.27,7.11,7.35,7.05,22.53K,0.55%
"Dec 25, 2016",7.23,7.25,7.32,7.17,4.70K,-0.28%
"Dec 24, 2016",7.25,7.11,7.35,7.11,16.22K,1.26%
"Dec 23, 2016",7.16,7.55,7.68,7.11,39.73K,-5.91%
"Dec 22, 2016",7.61,7.84,7.84,7.46,33.81K,-3.55%
"Dec 21, 2016",7.89,7.68,7.96,7.64,14.98K,3.68%
"Dec 20, 2016",7.61,7.63,7.75,7.55,15.81K,0.40%
"Dec 19, 2016",7.58,7.93,7.93,7.58,7.43K,-4.41%
"Dec 18, 2016",7.93,7.88,7.94,7.74,6.14K,2.59%
"Dec 17, 2016",7.73,7.86,7.9,7.47,42.10K,-1.65%
"Dec 16, 2016",7.86,7.86,7.96,7.77,16.14K,0.38%
"Dec 15, 2016",7.83,8.16,8.23,7.71,41.44K,-4.63%
"Dec 14, 2016",8.21,8.44,8.49,8.2,4.20K,-1.79%
"Dec 13, 2016",8.36,8.49,8.49,8.3,6.17K,-1.07%
"Dec 12, 2016",8.45,8.19,8.63,8.09,23.32K,3.17%
"Dec 11, 2016",8.19,8.14,8.25,8,6.46K,0.86%
"Dec 10, 2016",8.12,8.42,8.55,7.94,10.24K,-4.69%
"Dec 09, 2016",8.52,8.1,8.65,8.02,15.63K,2.65%
"Dec 08, 2016",8.3,8.35,8.84,8.24,48.58K,-0.36%
"Dec 07, 2016",8.33,7.6,8.7,7.27,46.01K,8.04%
"Dec 06, 2016",7.71,6.68,7.88,5.86,173.58K,15.07%
"Dec 05, 2016",6.7,7.4,7.57,6.5,73.14K,-11.26%
"Dec 04, 2016",7.55,7.85,7.91,7.42,9.83K,-4.55%
"Dec 03, 2016",7.91,7.76,8.1,7.64,55.93K,2.73%
"Dec 02, 2016",7.7,8.43,8.43,7.1,140.04K,-8.98%
"Dec 01, 2016",8.46,8.61,8.61,8.36,27.21K,-1.86%
"Nov 30, 2016",8.62,8.16,8.76,8.11,35.51K,5.64%
"Nov 29, 2016",8.16,8.7,8.74,7.74,53.83K,-6.21%
"Nov 28, 2016",8.7,8.97,9.02,8.65,11.99K,-2.03%
"Nov 27, 2016",8.88,9.33,9.33,8.7,17.81K,-4.82%
"Nov 26, 2016",9.33,9.38,9.53,9.22,4.03K,-0.53%
"Nov 25, 2016",9.38,9.17,9.69,9.17,17.41K,1.96%
"Nov 24, 2016",9.2,9.69,9.85,8.7,33.80K,-5.06%
"Nov 23, 2016",9.69,9.89,9.92,9.68,7.98K,-1.52%
"Nov 22, 2016",9.84,9.61,10.26,9.54,29.42K,2.39%
"Nov 21, 2016",9.61,9.54,9.68,9.51,2.47K,0.42%
"Nov 20, 2016",9.57,9.68,9.76,9.49,8.29K,-1.64%
"Nov 19, 2016",9.73,9.54,9.86,9.48,17.98K,2.21%
"Nov 18, 2016",9.52,9.96,10.03,9.46,16.35K,-4.70%
"Nov 17, 2016",9.99,10.02,10.27,9.9,29.48K,-0.30%
"Nov 16, 2016",10.02,10.19,10.5,9.93,33.34K,-2.43%
"Nov 15, 2016",10.27,10,10.41,9.72,15.03K,2.70%
"Nov 14, 2016",10,10.08,10.19,9.96,4.91K,-0.79%
"Nov 13, 2016",10.08,10.01,10.37,9.68,9.05K,0.70%
"Nov 12, 2016",10.01,10.27,10.32,9.7,18.39K,-2.53%
"Nov 11, 2016",10.27,10.54,10.58,10.26,4.97K,-2.56%
"Nov 10, 2016",10.54,10.66,10.69,10.52,2.17K,-1.68%
"Nov 09, 2016",10.72,10.92,10.92,10.2,22.91K,-1.83%
"Nov 08, 2016",10.92,10.88,11.21,10.79,18.14K,0.37%
"Nov 07, 2016",10.88,10.91,11.1,10.85,23.89K,-0.27%
"Nov 06, 2016",10.91,11.15,11.27,10.91,3.10K,-2.33%
"Nov 05, 2016",11.17,11.23,11.24,10.99,5.19K,-0.36%
"Nov 04, 2016",11.21,10.86,11.24,10.85,14.26K,3.22%
"Nov 03, 2016",10.86,10.94,11.18,10.81,30.52K,0.00%
"Nov 02, 2016",10.86,10.81,11.25,10.76,26.11K,0.46%
"Nov 01, 2016",10.81,10.96,11.21,10.41,37.05K,-1.37%
"Oct 31, 2016",10.96,11.28,11.5,10.88,38.48K,-2.84%
"Oct 30, 2016",11.28,10.38,11.53,10.31,25.36K,8.67%
"Oct 29, 2016",10.38,11.15,11.26,9.5,82.34K,-6.91%
"Oct 28, 2016",11.15,11.57,11.7,10.85,54.85K,-3.63%
"Oct 27, 2016",11.57,11.5,11.66,11.23,31.57K,0.61%
"Oct 26, 2016",11.5,11.36,11.72,11.36,19.33K,1.23%
"Oct 25, 2016",11.36,11.99,12,11.12,32.24K,-5.25%
